{"schemaVersion":"1.0","appDefinitionTemplate":{"id":"/providers/Microsoft.PowerApps/apps/","type":"Microsoft.PowerApps/apps","tags":{"primaryDeviceWidth":"640","primaryDeviceHeight":"1136","sienaVersion":"20210105T195109Z-3.20114.22.0","deviceCapabilities":"","supportsPortrait":"true","supportsLandscape":"false","primaryFormFactor":"Phone","publisherVersion":"3.20114.22","minimumRequiredApiVersion":"2.2.0","hasComponent":"true","hasUnlockedComponent":"true","isUnifiedRootApp":"false"},"properties":{"appVersion":"2021-01-05T19:51:09Z","lifeCycleId":"Published","createdByClientVersion":{"major":3,"minor":20114,"build":22,"revision":0,"majorRevision":0,"minorRevision":0},"minClientVersion":{"major":3,"minor":20114,"build":22,"revision":0,"majorRevision":0,"minorRevision":0},"backgroundColor":"rgba(0, 176, 240, 1)","backgroundImageUri":"/12972461616898321690/N0b6f906a-2f2f-4b50-8678-a1656d96f581-logoSmallFile","displayName":"Woc","description":"","commitMessage":"","appUris":{"documentUri":{"value":"/12972461616898321690/Nb2c737cc-73c6-4c00-b564-fde8d90dc492-document.msapp"},"imageUris":[]},"createdTime":"0001-01-01T00:00:00Z","lastModifiedTime":"0001-01-01T00:00:00Z","sharedGroupsCount":0,"sharedUsersCount":0,"icons":{"smallIconUri":"/12972461616898321690/N5eba3558-2db9-46c6-b326-ac2f912a9861-small.png","mediumIconUri":"/12972461616898321690/N3e11f26e-0d04-4613-af14-0f3878416bad-medium.png","largeIconUri":"/12972461616898321690/N2feb0732-681a-4731-89ac-d3bb27de56d8-large.png","wideIconUri":"/12972461616898321690/Nb966e866-18a5-469b-bf81-008e6b531ff1-wide.png"},"connectionReferences":{},"databaseReferences":{"default.cds":{"databaseDetails":{"referenceType":"Environmental","environmentName":"default.cds"},"dataSources":{"Activities":{"entitySetName":"activitypointers","logicalName":"activitypointer"}}}},"almMode":"Environment","performanceOptimizationEnabled":true,"canConsumeAppPass":true,"executionRestrictions":{"isTeamsOnly":false,"dataLossPreventionEvaluationResult":{"status":"Compliant","lastEvaluationDate":"2020-12-10T20:04:07.3724999Z","violationDetails":[]}}},"isAppComponentLibrary":false,"appType":"ClassicCanvasApp","appComponents":[]}}